[{"project_name": "redis", "date": "", "language": "c++", "coverage-data": {"coverage_url": "https://storage.googleapis.com/oss-fuzz-coverage/redis/reports//linux/report.html", "line_coverage": {"count": 126999, "covered": 3489, "percent": 2.75}}, "introspector-data": {"introspector_report_url": "introspector_url", "coverage_lines": 0.0, "static_reachability": 0.08737948912125361, "fuzzer_count": 1, "function_count": 5431, "functions_covered_estimate": 0.0, "annotated_cfg": [{"fuzzer_name": "fuzz_test.c", "source_file": "/src/fuzz_test.c", "destinations": [{"function_name": "string2ull", "raw_function_name": "string2ull", "source_file": "/src/redis/src/util.c", "cyclomatic_complexity": 8, "accummulated_cyclomatic_complexity": 36, "return_type": "int", "arg_types": ["N/A", "N/A"], "arg_names": ["s", "value"]}]}], "project_name": "redis"}, "fuzzer-count": 1, "project_repository": "N/A", "light-introspector": {"test-files": ["/src/redis/deps/jemalloc/test/unit/san_bump.c", "/src/redis/deps/hiredis/examples/example-ae.c", "/src/redis/deps/jemalloc/test/unit/mpsc_queue.c", "/src/redis/deps/jemalloc/test/unit/thread_event.c", "/src/redis/deps/hiredis/examples/example.c", "/src/redis/deps/jemalloc/test/unit/seq.c", "/src/redis/deps/jemalloc/test/stress/hookbench.c", "/src/redis/deps/jemalloc/test/integration/malloc.c", "/src/redis/deps/jemalloc/test/unit/prof_recent.c", "/src/redis/tests/modules/moduleconfigs.c", "/src/redis/tests/modules/defragtest.c", "/src/redis/deps/jemalloc/test/src/SFMT.c", "/src/redis/deps/jemalloc/test/unit/prof_reset.c", "/src/redis/tests/modules/fork.c", "/src/redis/deps/jemalloc/test/integration/overflow.c", "/src/redis/tests/modules/usercall.c", "/src/redis/deps/jemalloc/test/unit/zero_realloc_alloc.c", "/src/redis/deps/hiredis/examples/example-ssl.c", "/src/redis/tests/modules/commandfilter.c", "/src/redis/deps/jemalloc/test/unit/div.c", "/src/redis/tests/modules/testrdb.c", "/src/redis/deps/hiredis/examples/example-libuv.c", "/src/redis/deps/jemalloc/test/src/math.c", "/src/redis/deps/jemalloc/test/integration/smallocx.c", "/src/redis/deps/jemalloc/test/unit/test_hooks.c", "/src/redis/src/memtest.c", "/src/redis/deps/jemalloc/test/unit/cache_bin.c", "/src/redis/deps/jemalloc/test/integration/slab_sizes.c", "/src/redis/deps/jemalloc/test/src/btalloc_0.c", "/src/redis/deps/hiredis/examples/example-macosx.c", "/src/redis/tests/modules/keyspace_events.c", "/src/redis/deps/jemalloc/test/unit/base.c", "/src/redis/deps/jemalloc/test/unit/mq.c", "/src/redis/deps/jemalloc/test/unit/mtx.c", "/src/redis/tests/modules/cmdintrospection.c", "/src/redis/tests/modules/auth.c", "/src/redis/deps/jemalloc/test/unit/tcache_max.c", "/src/redis/tests/modules/basics.c", "/src/redis/deps/jemalloc/test/unit/qr.c", "/src/redis/deps/jemalloc/src/test_hooks.c", "/src/redis/deps/jemalloc/test/unit/arena_reset_prof.c", "/src/redis/deps/jemalloc/test/integration/mallocx.c", "/src/redis/deps/jemalloc/test/unit/prof_stats.c", "/src/redis/deps/jemalloc/test/unit/zero_realloc_free.c", "/src/redis/deps/jemalloc/test/src/mtx.c", "/src/redis/deps/jemalloc/test/stress/fill_flush.c", "/src/redis/deps/jemalloc/test/unit/rtree.c", "/src/redis/deps/jemalloc/test/stress/large_microbench.c", "/src/redis/deps/jemalloc/test/integration/thread_tcache_enabled.c", "/src/redis/deps/jemalloc/test/integration/xallocx.c", "/src/redis/deps/jemalloc/test/unit/mallctl.c", "/src/redis/deps/jemalloc/test/unit/zero_realloc_abort.c", "/src/redis/tests/modules/publish.c", "/src/redis/deps/jemalloc/test/stress/microbench.c", "/src/redis/tests/modules/reply.c", "/src/redis/deps/jemalloc/test/unit/stats_print.c", "/src/redis/deps/jemalloc/test/unit/fork.c", "/src/redis/deps/jemalloc/test/src/timer.c", "/src/redis/deps/jemalloc/test/unit/batch_alloc.c", "/src/redis/deps/jemalloc/test/unit/prng.c", "/src/redis/deps/jemalloc/test/src/btalloc_1.c", "/src/redis/deps/jemalloc/test/unit/fb.c", "/src/redis/deps/jemalloc/test/unit/ckh.c", "/src/redis/deps/jemalloc/test/unit/fxp.c", "/src/redis/deps/jemalloc/test/src/thd.c", "/src/redis/deps/jemalloc/test/unit/malloc_io.c", "/src/redis/deps/jemalloc/test/integration/allocated.c", "/src/redis/deps/jemalloc/test/unit/nstime.c", "/src/redis/tests/modules/list.c", "/src/redis/deps/jemalloc/test/unit/log.c", "/src/redis/deps/jemalloc/test/unit/prof_mdump.c", "/src/redis/tests/modules/crash.c", "/src/redis/deps/jemalloc/test/integration/aligned_alloc.c", "/src/redis/deps/jemalloc/test/unit/batch_alloc_prof.c", "/src/redis/deps/jemalloc/test/unit/malloc_conf_2.c", "/src/redis/deps/jemalloc/test/unit/slab.c", "/src/redis/deps/hiredis/examples/example-libevent.c", "/src/fuzz_test.c", "/src/redis/deps/hiredis/examples/example-glib.c", "/src/redis/deps/jemalloc/test/unit/smoothstep.c", "/src/redis/deps/jemalloc/test/unit/size_classes.c", "/src/redis/tests/modules/mallocsize.c", "/src/redis/tests/modules/eventloop.c", "/src/redis/deps/jemalloc/test/integration/cpp/basic.cpp", "/src/redis/deps/jemalloc/test/unit/tsd.c", "/src/redis/deps/hiredis/examples/example-libsdevent.c", "/src/redis/deps/jemalloc/msvc/test_threads/test_threads.cpp", "/src/redis/deps/hiredis/examples/example-poll.c", "/src/redis/deps/jemalloc/test/unit/junk_alloc.c", "/src/redis/deps/jemalloc/test/unit/uaf.c", "/src/redis/tests/modules/datatype.c", "/src/redis/deps/jemalloc/test/unit/buf_writer.c", "/src/redis/deps/jemalloc/test/unit/ph.c", "/src/redis/tests/modules/keyspecs.c", "/src/redis/tests/modules/getkeys.c", "/src/redis/deps/jemalloc/test/unit/a0.c", "/src/redis/tests/modules/internalsecret.c", "/src/redis/deps/jemalloc/test/unit/pa.c", "/src/redis/tests/modules/aclcheck.c", "/src/redis/deps/jemalloc/test/unit/emitter.c", "/src/redis/deps/jemalloc/test/unit/counter.c", "/src/redis/deps/jemalloc/test/unit/edata_cache.c", "/src/redis/deps/jemalloc/test/unit/prof_thread_name.c", "/src/redis/deps/jemalloc/test/unit/rb.c", "/src/redis/deps/hiredis/examples/example-qt.cpp", "/src/redis/deps/jemalloc/test/integration/sdallocx.c", "/src/redis/deps/jemalloc/test/unit/safety_check.c", "/src/redis/deps/jemalloc/test/unit/bit_util.c", "/src/redis/deps/jemalloc/test/unit/hpdata.c", "/src/redis/deps/jemalloc/test/unit/oversize_threshold.c", "/src/redis/deps/jemalloc/test/unit/zero_reallocs.c", "/src/redis/tests/modules/blockonbackground.c", "/src/redis/deps/jemalloc/test/unit/hpa_background_thread.c", "/src/redis/tests/modules/propagate.c", "/src/redis/deps/jemalloc/test/unit/prof_active.c", "/src/redis/deps/jemalloc/test/unit/binshard.c", "/src/redis/deps/jemalloc/test/unit/san.c", "/src/redis/deps/jemalloc/test/unit/background_thread_enable.c", "/src/redis/deps/jemalloc/test/unit/prof_log.c", "/src/redis/deps/jemalloc/test/unit/pack.c", "/src/redis/tests/modules/hash.c", "/src/redis/deps/jemalloc/msvc/test_threads/test_threads_main.cpp", "/src/redis/deps/jemalloc/test/unit/psset.c", "/src/redis/deps/jemalloc/test/unit/prof_idump.c", "/src/redis/deps/jemalloc/test/integration/thread_arena.c", "/src/redis/deps/jemalloc/test/unit/sz.c", "/src/redis/deps/jemalloc/test/unit/background_thread.c", "/src/redis/deps/jemalloc/test/unit/prof_tctx.c", "/src/redis/deps/jemalloc/test/unit/bitmap.c", "/src/redis/deps/hiredis/examples/example-redismoduleapi.c", "/src/redis/deps/jemalloc/test/unit/hash.c", "/src/redis/deps/jemalloc/test/unit/spin.c", "/src/redis/deps/jemalloc/test/unit/extent_quantize.c", "/src/redis/deps/jemalloc/test/unit/junk_free.c", "/src/redis/tests/modules/timer.c", "/src/redis/deps/jemalloc/test/src/sleep.c", "/src/redis/deps/jemalloc/test/unit/SFMT.c", "/src/redis/deps/jemalloc/test/unit/retained.c", "/src/redis/deps/jemalloc/test/unit/math.c", "/src/redis/tests/modules/datatype2.c", "/src/redis/deps/jemalloc/test/unit/junk.c", "/src/redis/deps/jemalloc/test/integration/cpp/infallible_new_false.cpp", "/src/redis/deps/jemalloc/test/unit/zero.c", "/src/redis/deps/jemalloc/test/unit/prof_hook.c", "/src/redis/deps/jemalloc/test/analyze/rand.c", "/src/redis/deps/jemalloc/test/stress/mallctl.c", "/src/redis/deps/jemalloc/test/unit/stats.c", "/src/redis/deps/hiredis/examples/example-libhv.c", "/src/redis/deps/hiredis/examples/example-libev.c", "/src/redis/deps/jemalloc/test/unit/prof_gdump.c", "/src/redis/tests/modules/hooks.c", "/src/redis/tests/modules/misc.c", "/src/redis/tests/modules/blockedclient.c", "/src/redis/tests/modules/postnotifications.c", "/src/redis/deps/jemalloc/test/analyze/sizes.c", "/src/redis/deps/jemalloc/test/unit/sec.c", "/src/redis/tests/modules/moduleconfigstwo.c", "/src/redis/deps/jemalloc/test/integration/cpp/infallible_new_true.cpp", "/src/redis/deps/jemalloc/test/unit/size_check.c", "/src/redis/deps/hiredis/examples/example-libevent-ssl.c", "/src/redis/deps/jemalloc/test/unit/double_free.c", "/src/redis/deps/jemalloc/test/unit/witness.c", "/src/redis/tests/modules/test_lazyfree.c", "/src/redis/tests/modules/scan.c", "/src/redis/deps/jemalloc/test/unit/decay.c", "/src/redis/deps/hiredis/examples/example-push.c", "/src/redis/deps/jemalloc/test/unit/hook.c", "/src/redis/deps/jemalloc/test/unit/atomic.c", "/src/redis/deps/jemalloc/test/unit/peak.c", "/src/redis/tests/modules/blockonkeys.c", "/src/redis/deps/jemalloc/test/integration/posix_memalign.c", "/src/redis/tests/modules/rdbloadsave.c", "/src/redis/tests/modules/getchannels.c", "/src/redis/deps/jemalloc/test/unit/ticker.c", "/src/redis/deps/jemalloc/test/unit/sc.c", "/src/redis/tests/modules/subcommands.c", "/src/redis/deps/jemalloc/test/unit/huge.c", "/src/redis/deps/jemalloc/test/src/btalloc.c", "/src/redis/deps/jemalloc/test/stress/batch_alloc.c", "/src/redis/tests/modules/moduleauthtwo.c", "/src/redis/deps/jemalloc/test/integration/MALLOCX_ARENA.c", "/src/redis/deps/jemalloc/test/src/test.c", "/src/redis/tests/modules/zset.c", "/src/redis/deps/hiredis/examples/example-ivykis.c", "/src/redis/deps/hiredis/test.c", "/src/redis/deps/jemalloc/test/unit/inspect.c", "/src/redis/modules/vector-sets/fastjson_test.c", "/src/redis/deps/jemalloc/test/unit/arena_decay.c", "/src/redis/deps/jemalloc/test/unit/pages.c", "/src/redis/tests/modules/stream.c", "/src/redis/deps/jemalloc/test/unit/ql.c", "/src/redis/deps/jemalloc/test/unit/arena_reset.c", "/src/redis/deps/jemalloc/test/integration/extent.c", "/src/redis/deps/jemalloc/test/unit/prof_accum.c", "/src/redis/tests/modules/infotest.c", "/src/redis/deps/jemalloc/test/unit/prof_sys_thread_name.c", "/src/redis/deps/jemalloc/test/analyze/prof_bias.c", "/src/redis/deps/jemalloc/test/integration/rallocx.c", "/src/redis/deps/jemalloc/test/unit/hpa.c"], "all-files": ["/src/redis/deps/jemalloc/src/tsd.c", "/src/redis/deps/lua/src/ldblib.c", "/src/redis/deps/jemalloc/include/jemalloc/internal/arena_stats.h", "/src/redis/deps/jemalloc/test/unit/mpsc_queue.c", "/src/redis/deps/jemalloc/include/jemalloc/internal/lockedint.h", "/src/redis/src/redis-benchmark.c", "/src/redis/deps/hiredis/examples/example.c", "/src/redis/deps/lua/src/llimits.h", "/src/redis/deps/jemalloc/include/jemalloc/internal/arena_inlines_b.h", "/src/redis/src/resp_parser.h", "/src/redis/deps/jemalloc/include/jemalloc/internal/prof_hook.h", "/src/redis/deps/jemalloc/test/unit/prof_recent.c", "/src/redis/tests/modules/moduleconfigs.c", "/src/redis/src/module.c", "/src/redis/src/eval.c", "/src/redis/deps/hiredis/examples/example-ssl.c", "/src/redis/deps/jemalloc/include/jemalloc/internal/bit_util.h", "/src/redis/deps/jemalloc/test/unit/div.c", "/src/redis/deps/jemalloc/include/jemalloc/internal/jemalloc_internal_types.h", "/src/redis/src/lzf.h", "/src/redis/deps/jemalloc/test/integration/smallocx.c", "/src/redis/src/mstr.h", "/src/redis/deps/jemalloc/src/jemalloc.c", "/src/redis/src/commands.h", "/src/redis/deps/hiredis/sockcompat.h", "/src/redis/deps/jemalloc/test/unit/test_hooks.c", "/src/redis/src/memtest.c", "/src/redis/deps/jemalloc/test/unit/cache_bin.c", "/src/redis/src/redis-cli.c", "/src/redis/deps/jemalloc/test/unit/base.c", "/src/redis/deps/hiredis/sdscompat.h", "/src/redis/src/dict.h", "/src/redis/deps/lua/src/ldo.h", "/src/redis/deps/lua/src/lstate.h", "/src/redis/src/unix.c", "/src/redis/deps/jemalloc/include/jemalloc/internal/pac.h", "/src/redis/deps/jemalloc/test/include/test/SFMT-params1279.h", "/src/redis/deps/jemalloc/include/jemalloc/internal/hpa_hooks.h", "/src/redis/src/ae.c", "/src/redis/deps/lua/src/lgc.c", "/src/redis/deps/jemalloc/include/jemalloc/internal/hpa.h", "/src/redis/src/t_set.c", "/src/redis/deps/jemalloc/include/jemalloc/internal/ctl.h", "/src/redis/deps/lua/src/ltable.h", "/src/redis/deps/jemalloc/test/include/test/btalloc.h", "/src/redis/deps/hiredis/net.h", "/src/redis/deps/jemalloc/src/log.c", "/src/redis/src/syscheck.c", "/src/redis/deps/jemalloc/test/unit/arena_reset_prof.c", "/src/redis/deps/jemalloc/src/thread_event.c", "/src/redis/src/mstr.c", "/src/redis/deps/hdr_histogram/hdr_atomic.h", "/src/redis/deps/jemalloc/test/src/mtx.c", "/src/redis/deps/jemalloc/include/jemalloc/internal/tcache_types.h", "/src/redis/deps/jemalloc/src/emap.c", "/src/redis/deps/jemalloc/include/jemalloc/internal/arena_structs.h", "/src/redis/deps/lua/etc/noparser.c", "/src/redis/deps/jemalloc/include/jemalloc/internal/arena_inlines_a.h", "/src/redis/modules/vector-sets/expr.c", "/src/redis/src/threads_mngr.h", "/src/redis/deps/jemalloc/test/include/test/thd.h", "/src/redis/deps/jemalloc/include/msvc_compat/C99/stdint.h", "/src/redis/deps/jemalloc/test/unit/stats_print.c", "/src/redis/deps/jemalloc/src/prof.c", "/src/redis/src/quicklist.h", "/src/redis/src/function_lua.c", "/src/redis/src/crccombine.c", "/src/redis/deps/lua/src/lzio.h", "/src/redis/deps/lua/src/ltable.c", "/src/redis/src/logreqres.c", "/src/redis/src/crc16_slottable.h", "/src/redis/src/resp_parser.c", "/src/redis/src/cluster.c", "/src/redis/deps/jemalloc/test/unit/nstime.c", "/src/redis/tests/modules/list.c", "/src/redis/src/eventnotifier.c", "/src/redis/src/call_reply.h", "/src/redis/src/lazyfree.c", "/src/redis/src/modules/hellotype.c", "/src/redis/deps/lua/src/lapi.c", "/src/redis/deps/jemalloc/include/jemalloc/internal/bin_stats.h", "/src/redis/src/sha1.c", "/src/redis/deps/jemalloc/src/extent.c", "/src/fuzz_test.c", "/src/redis/src/acl.c", "/src/redis/deps/jemalloc/include/jemalloc/internal/jemalloc_internal_inlines_a.h", "/src/redis/deps/jemalloc/src/malloc_io.c", "/src/redis/deps/jemalloc/test/unit/smoothstep.c", "/src/redis/src/lolwut5.c", "/src/redis/deps/jemalloc/include/jemalloc/internal/buf_writer.h", "/src/redis/deps/lua/src/linit.c", "/src/redis/deps/jemalloc/test/unit/tsd.c", "/src/redis/deps/jemalloc/test/include/test/nbits.h", "/src/redis/src/rio.c", "/src/redis/deps/hiredis/examples/example-libsdevent.c", "/src/redis/deps/lua/src/ltm.h", "/src/redis/src/modules/helloworld.c", "/src/redis/modules/vector-sets/fastjson.c", "/src/redis/src/t_stream.c", "/src/redis/deps/jemalloc/include/jemalloc/internal/prof_stats.h", "/src/redis/src/tracking.c", "/src/redis/deps/jemalloc/test/unit/junk_alloc.c", "/src/redis/tests/modules/datatype.c", "/src/redis/deps/jemalloc/test/unit/ph.c", "/src/redis/deps/jemalloc/msvc/test_threads/test_threads.h", "/src/redis/src/version.h", "/src/redis/deps/lua/src/ltablib.c", "/src/redis/deps/jemalloc/test/unit/a0.c", "/src/redis/deps/jemalloc/include/jemalloc/internal/smoothstep.h", "/src/redis/deps/jemalloc/include/jemalloc/internal/qr.h", "/src/redis/deps/jemalloc/test/include/test/SFMT-params19937.h", "/src/redis/deps/jemalloc/test/unit/prof_thread_name.c", "/src/redis/deps/jemalloc/include/jemalloc/internal/atomic_c11.h", "/src/redis/deps/jemalloc/test/unit/bit_util.c", "/src/redis/deps/jemalloc/include/jemalloc/internal/emap.h", "/src/redis/src/lolwut6.c", "/src/redis/src/sha256.c", "/src/redis/src/t_list.c", "/src/redis/deps/hiredis/adapters/poll.h", "/src/redis/deps/jemalloc/include/jemalloc/internal/assert.h", "/src/redis/deps/jemalloc/src/pac.c", "/src/redis/deps/lua/src/lundump.c", "/src/redis/src/crc64.h", "/src/redis/src/anet.c", "/src/redis/src/stream.h", "/src/redis/deps/jemalloc/include/jemalloc/internal/rtree.h", "/src/redis/deps/jemalloc/include/jemalloc/internal/slab_data.h", "/src/redis/src/t_zset.c", "/src/redis/src/intset.h", "/src/redis/deps/jemalloc/test/unit/junk_free.c", "/src/redis/tests/modules/datatype2.c", "/src/redis/deps/lua/src/ltm.c", "/src/redis/deps/jemalloc/include/jemalloc/internal/atomic_gcc_atomic.h", "/src/redis/deps/jemalloc/test/include/test/mq.h", "/src/redis/deps/lua/src/ldebug.c", "/src/redis/deps/jemalloc/test/unit/stats.c", "/src/redis/deps/hiredis/examples/example-libhv.c", "/src/redis/src/script.c", "/src/redis/deps/jemalloc/include/jemalloc/internal/hpdata.h", "/src/redis/deps/jemalloc/include/jemalloc/internal/edata.h", "/src/redis/deps/lua/src/lstring.c", "/src/redis/deps/jemalloc/test/unit/sec.c", "/src/redis/deps/jemalloc/src/jemalloc_cpp.cpp", "/src/redis/deps/hdr_histogram/hdr_histogram.h", "/src/redis/deps/jemalloc/include/jemalloc/internal/ticker.h", "/src/redis/src/cli_commands.c", "/src/redis/deps/jemalloc/include/jemalloc/internal/prof_structs.h", "/src/redis/deps/jemalloc/include/jemalloc/internal/psset.h", "/src/redis/deps/jemalloc/include/msvc_compat/windows_extra.h", "/src/redis/deps/jemalloc/test/integration/cpp/infallible_new_true.cpp", "/src/redis/deps/jemalloc/include/jemalloc/internal/bin.h", "/src/redis/deps/jemalloc/test/unit/double_free.c", "/src/redis/deps/jemalloc/test/include/test/SFMT-params2281.h", "/src/redis/deps/hiredis/hiredis.c", "/src/redis/deps/jemalloc/src/san.c", "/src/redis/deps/jemalloc/include/jemalloc/internal/thread_event.h", "/src/redis/src/rdb.h", "/src/redis/deps/fpconv/fpconv_powers.h", "/src/redis/deps/lua/src/lcode.h", "/src/redis/src/geohash_helper.h", "/src/redis/src/debugmacro.h", "/src/redis/src/commands.c", "/src/redis/deps/lua/src/ldebug.h", "/src/redis/deps/lua/src/lauxlib.c", "/src/redis/deps/jemalloc/test/unit/peak.c", "/src/redis/deps/jemalloc/test/include/test/sleep.h", "/src/redis/deps/jemalloc/include/jemalloc/internal/test_hooks.h", "/src/redis/deps/jemalloc/test/integration/MALLOCX_ARENA.c", "/src/redis/src/cli_common.h", "/src/redis/deps/jemalloc/src/sec.c", "/src/redis/deps/jemalloc/test/unit/pages.c", "/src/redis/modules/vector-sets/fastjson_test.c", "/src/redis/deps/fpconv/fpconv_dtoa.c", "/src/redis/deps/jemalloc/src/background_thread.c", "/src/redis/deps/jemalloc/test/include/test/test.h", "/src/redis/deps/jemalloc/src/nstime.c", "/src/redis/tests/modules/stream.c", "/src/redis/deps/jemalloc/test/unit/prof_accum.c", "/src/redis/deps/lua/src/lobject.c", "/src/redis/tests/modules/infotest.c", "/src/redis/deps/jemalloc/include/jemalloc/internal/tsd_malloc_thread_cleanup.h", "/src/redis/src/redis-check-rdb.c", "/src/redis/deps/jemalloc/test/analyze/prof_bias.c", "/src/redis/src/ae_select.c", "/src/redis/src/ziplist.h", "/src/redis/deps/jemalloc/include/jemalloc/internal/stats.h", "/src/redis/deps/lua/src/lua_cjson.c", "/src/redis/deps/jemalloc/include/jemalloc/internal/prof_types.h", "/src/redis/deps/hiredis/examples/example-ae.c", "/src/redis/deps/jemalloc/include/jemalloc/internal/mutex.h", "/src/redis/deps/lua/src/lstate.c", "/src/redis/deps/hiredis/hiredis_ssl.h", "/src/redis/src/solarisfixes.h", "/src/redis/deps/jemalloc/include/jemalloc/internal/sc.h", "/src/redis/deps/hiredis/alloc.c", "/src/redis/src/atomicvar.h", "/src/redis/deps/hiredis/sds.c", "/src/redis/src/sentinel.c", "/src/redis/deps/jemalloc/test/integration/malloc.c", "/src/redis/deps/jemalloc/include/jemalloc/internal/peak_event.h", "/src/redis/deps/jemalloc/test/src/SFMT.c", "/src/redis/deps/jemalloc/test/include/test/SFMT-params44497.h", "/src/redis/deps/jemalloc/test/integration/overflow.c", "/src/redis/tests/modules/usercall.c", "/src/redis/tests/modules/commandfilter.c", "/src/redis/deps/lua/src/print.c", "/src/redis/tests/modules/testrdb.c", "/src/redis/deps/lua/src/strbuf.h", "/src/redis/deps/jemalloc/test/include/test/SFMT-alti.h", "/src/redis/deps/jemalloc/include/jemalloc/internal/pa.h", "/src/redis/deps/lua/src/luaconf.h", "/src/redis/deps/jemalloc/test/src/btalloc_0.c", "/src/redis/deps/jemalloc/test/include/test/SFMT-params.h", "/src/redis/deps/jemalloc/include/jemalloc/internal/background_thread_structs.h", "/src/redis/src/pqsort.h", "/src/redis/src/lzfP.h", "/src/redis/deps/hiredis/adapters/libhv.h", "/src/redis/deps/jemalloc/include/jemalloc/internal/nstime.h", "/src/redis/deps/jemalloc/src/test_hooks.c", "/src/redis/deps/lua/src/liolib.c", "/src/redis/deps/jemalloc/test/include/test/extent_hooks.h", "/src/redis/src/intset.c", "/src/redis/deps/jemalloc/include/jemalloc/internal/ckh.h", "/src/redis/deps/jemalloc/test/unit/prof_stats.c", "/src/redis/deps/jemalloc/include/jemalloc/internal/prof_sys.h", "/src/redis/deps/jemalloc/test/unit/zero_realloc_free.c", "/src/redis/deps/jemalloc/src/prof_log.c", "/src/redis/deps/lua/src/lapi.h", "/src/redis/deps/lua/src/lundump.h", "/src/redis/deps/jemalloc/include/jemalloc/internal/hpa_opts.h", "/src/redis/deps/jemalloc/include/jemalloc/internal/div.h", "/src/redis/deps/jemalloc/src/bitmap.c", "/src/redis/deps/jemalloc/include/jemalloc/internal/fxp.h", "/src/redis/src/debug.c", "/src/redis/deps/jemalloc/test/integration/xallocx.c", "/src/redis/deps/jemalloc/include/jemalloc/internal/jemalloc_internal_decls.h", "/src/redis/deps/jemalloc/include/jemalloc/internal/prof_inlines.h", "/src/redis/deps/jemalloc/test/unit/mallctl.c", "/src/redis/deps/lua/src/lmathlib.c", "/src/redis/deps/jemalloc/include/jemalloc/internal/sec.h", "/src/redis/deps/jemalloc/test/unit/prng.c", "/src/redis/deps/hdr_histogram/hdr_tests.h", "/src/redis/deps/jemalloc/test/unit/fb.c", "/src/redis/deps/jemalloc/test/unit/ckh.c", "/src/redis/src/lzf_d.c", "/src/redis/deps/jemalloc/test/unit/fxp.c", "/src/redis/deps/lua/src/strbuf.c", "/src/redis/deps/jemalloc/include/jemalloc/internal/jemalloc_internal_macros.h", "/src/redis/src/threads_mngr.c", "/src/redis/src/server.h", "/src/redis/deps/jemalloc/test/unit/malloc_io.c", "/src/redis/deps/jemalloc/src/psset.c", "/src/redis/deps/jemalloc/include/jemalloc/internal/mpsc_queue.h", "/src/redis/deps/jemalloc/include/jemalloc/internal/activity_callback.h", "/src/redis/deps/jemalloc/test/unit/log.c", "/src/redis/deps/jemalloc/test/unit/slab.c", "/src/redis/deps/hiredis/adapters/qt.h", "/src/redis/src/monotonic.h", "/src/redis/src/geo.c", "/src/redis/deps/hiredis/examples/example-libevent.c", "/src/redis/src/mt19937-64.h", "/src/redis/deps/lua/src/ldump.c", "/src/redis/src/anet.h", "/src/redis/deps/jemalloc/src/prof_recent.c", "/src/redis/deps/hiredis/examples/example-poll.c", "/src/redis/deps/jemalloc/include/msvc_compat/C99/stdbool.h", "/src/redis/modules/vector-sets/w2v.c", "/src/redis/deps/hiredis/adapters/redismoduleapi.h", "/src/redis/src/rand.h", "/src/redis/deps/jemalloc/src/hpa.c", "/src/redis/deps/jemalloc/test/unit/uaf.c", "/src/redis/deps/hdr_histogram/hdr_redis_malloc.h", "/src/redis/src/config.h", "/src/redis/src/t_string.c", "/src/redis/deps/jemalloc/test/include/test/timer.h", "/src/redis/tests/modules/aclcheck.c", "/src/redis/deps/jemalloc/test/unit/edata_cache.c", "/src/redis/deps/jemalloc/src/ticker.c", "/src/redis/deps/hiredis/examples/example-qt.cpp", "/src/redis/deps/jemalloc/src/zone.c", "/src/redis/deps/jemalloc/src/cache_bin.c", "/src/redis/deps/jemalloc/include/jemalloc/internal/sec_opts.h", "/src/redis/deps/jemalloc/include/jemalloc/internal/tsd_tls.h", "/src/redis/deps/lua/src/lua_cmsgpack.c", "/src/redis/src/cluster_legacy.h", "/src/redis/src/crc64.c", "/src/redis/deps/jemalloc/include/jemalloc/internal/witness.h", "/src/redis/deps/jemalloc/test/unit/hpa_background_thread.c", "/src/redis/deps/jemalloc/src/large.c", "/src/redis/src/modules/helloblock.c", "/src/redis/utils/lru/lfu-simulation.c", "/src/redis/src/modules/hellocluster.c", "/src/redis/deps/jemalloc/test/unit/psset.c", "/src/redis/deps/jemalloc/include/jemalloc/internal/hash.h", "/src/redis/deps/jemalloc/include/jemalloc/internal/ql.h", "/src/redis/deps/hdr_histogram/hdr_histogram.c", "/src/redis/deps/jemalloc/test/unit/background_thread.c", "/src/redis/src/latency.h", "/src/redis/deps/jemalloc/test/unit/prof_tctx.c", "/src/redis/deps/lua/src/lgc.h", "/src/redis/src/evict.c", "/src/redis/src/setproctitle.c", "/src/redis/deps/fast_float/fast_float.h", "/src/redis/deps/jemalloc/src/exp_grow.c", "/src/redis/src/zipmap.h", "/src/redis/deps/lua/etc/min.c", "/src/redis/src/adlist.h", "/src/redis/deps/jemalloc/test/unit/extent_quantize.c", "/src/redis/src/crccombine.h", "/src/redis/deps/jemalloc/include/jemalloc/internal/large_externs.h", "/src/redis/deps/jemalloc/test/unit/math.c", "/src/redis/src/fmtargs.h", "/src/redis/deps/hiredis/read.h", "/src/redis/deps/jemalloc/test/unit/zero.c", "/src/redis/deps/jemalloc/test/include/test/SFMT-params11213.h", "/src/redis/deps/jemalloc/src/fxp.c", "/src/redis/src/functions.h", "/src/redis/deps/jemalloc/test/stress/mallctl.c", "/src/redis/tests/modules/hooks.c", "/src/redis/deps/jemalloc/test/unit/prof_gdump.c", "/src/redis/deps/hiredis/examples/example-libev.c", "/src/redis/deps/lua/src/lauxlib.h", "/src/redis/src/sdsalloc.h", "/src/redis/src/sha256.h", "/src/redis/deps/jemalloc/src/sc.c", "/src/redis/deps/jemalloc/src/pages.c", "/src/redis/deps/hiredis/adapters/glib.h", "/src/redis/deps/jemalloc/include/jemalloc/internal/extent_dss.h", "/src/redis/src/redis-check-aof.c", "/src/redis/deps/jemalloc/include/jemalloc/internal/typed_list.h", "/src/redis/deps/lua/src/lua_bit.c", "/src/redis/deps/jemalloc/src/ckh.c", "/src/redis/src/lolwut.h", "/src/redis/deps/lua/src/lua_struct.c", "/src/redis/deps/hiredis/fmacros.h", "/src/redis/src/cluster.h", "/src/redis/tests/modules/blockonkeys.c", "/src/redis/deps/jemalloc/src/arena.c", "/src/redis/deps/jemalloc/test/unit/background_thread_enable.c", "/src/redis/tests/modules/rdbloadsave.c", "/src/redis/src/expire.c", "/src/redis/deps/lua/src/lfunc.h", "/src/redis/tests/modules/subcommands.c", "/src/redis/deps/jemalloc/test/unit/huge.c", "/src/redis/deps/jemalloc/src/hpdata.c", "/src/redis/deps/jemalloc/test/src/test.c", "/src/redis/deps/jemalloc/test/unit/inspect.c", "/src/redis/utils/tracking_collisions.c", "/src/redis/deps/jemalloc/include/jemalloc/internal/malloc_io.h", "/src/redis/src/mt19937-64.c", "/src/redis/src/ae_kqueue.c", "/src/redis/modules/vector-sets/hnsw.h", "/src/redis/deps/jemalloc/test/unit/ql.c", "/src/redis/deps/lua/src/lfunc.c", "/src/redis/deps/jemalloc/include/jemalloc/internal/pai.h", "/src/redis/tests/modules/internalsecret.c", "/src/redis/src/syscheck.h", "/src/redis/deps/jemalloc/test/unit/san_bump.c", "/src/redis/deps/jemalloc/include/jemalloc/internal/rb.h", "/src/redis/deps/jemalloc/test/include/test/san.h", "/src/redis/src/listpack_malloc.h", "/src/redis/deps/jemalloc/test/unit/thread_event.c", "/src/redis/deps/jemalloc/include/jemalloc/internal/jemalloc_internal_inlines_b.h", "/src/redis/src/pubsub.c", "/src/redis/src/hyperloglog.c", "/src/redis/deps/jemalloc/src/hpa_hooks.c", "/src/redis/deps/jemalloc/include/jemalloc/internal/arena_externs.h", "/src/redis/deps/hiredis/alloc.h", "/src/redis/tests/modules/fork.c", "/src/redis/deps/jemalloc/test/unit/zero_realloc_alloc.c", "/src/redis/src/ae_evport.c", "/src/redis/src/script_lua.c", "/src/redis/deps/jemalloc/include/jemalloc/internal/arena_types.h", "/src/redis/deps/jemalloc/test/src/math.c", "/src/redis/deps/hiredis/dict.h", "/src/redis/deps/jemalloc/test/integration/slab_sizes.c", "/src/redis/deps/hiredis/examples/example-macosx.c", "/src/redis/deps/jemalloc/src/ehooks.c", "/src/redis/deps/jemalloc/src/peak_event.c", "/src/redis/deps/jemalloc/include/jemalloc/internal/atomic_gcc_sync.h", "/src/redis/deps/jemalloc/test/unit/mq.c", "/src/redis/tests/modules/cmdintrospection.c", "/src/redis/deps/jemalloc/include/jemalloc/internal/decay.h", "/src/redis/src/localtime.c", "/src/redis/deps/jemalloc/include/jemalloc/internal/peak.h", "/src/redis/src/defrag.c", "/src/redis/deps/fast_float/fast_float_strtod.h", "/src/redis/tests/modules/auth.c", "/src/redis/deps/jemalloc/test/include/test/SFMT-params4253.h", "/src/redis/deps/jemalloc/test/unit/tcache_max.c", "/src/redis/deps/jemalloc/src/witness.c", "/src/redis/deps/jemalloc/src/inspect.c", "/src/redis/deps/jemalloc/test/integration/mallocx.c", "/src/redis/deps/jemalloc/src/mutex.c", "/src/redis/deps/lua/src/lvm.c", "/src/redis/deps/jemalloc/test/stress/fill_flush.c", "/src/redis/src/ae.h", "/src/redis/deps/lua/src/lzio.c", "/src/redis/deps/jemalloc/test/unit/zero_realloc_abort.c", "/src/redis/deps/jemalloc/include/jemalloc/internal/ecache.h", "/src/redis/tests/modules/reply.c", "/src/redis/deps/jemalloc/test/unit/fork.c", "/src/redis/src/bio.h", "/src/redis/src/monotonic.c", "/src/redis/src/server.c", "/src/redis/deps/jemalloc/test/integration/allocated.c", "/src/redis/deps/jemalloc/include/jemalloc/internal/mutex_prof.h", "/src/redis/deps/jemalloc/test/unit/prof_mdump.c", "/src/redis/tests/modules/crash.c", "/src/redis/deps/jemalloc/test/integration/aligned_alloc.c", "/src/redis/deps/jemalloc/include/jemalloc/internal/inspect.h", "/src/redis/deps/hiredis/examples/example-glib.c", "/src/redis/src/ebuckets.c", "/src/redis/src/cli_common.c", "/src/redis/deps/jemalloc/test/unit/size_classes.c", "/src/redis/tests/modules/eventloop.c", "/src/redis/deps/jemalloc/src/div.c", "/src/redis/deps/jemalloc/src/buf_writer.c", "/src/redis/deps/fast_float/fast_float_strtod.cpp", "/src/redis/deps/jemalloc/msvc/test_threads/test_threads.cpp", "/src/redis/deps/jemalloc/test/include/test/SFMT-params607.h", "/src/redis/src/release.c", "/src/redis/deps/hiredis/sdsalloc.h", "/src/redis/deps/hiredis/examples/example-qt.h", "/src/redis/deps/jemalloc/src/ecache.c", "/src/redis/deps/lua/src/lobject.h", "/src/redis/src/childinfo.c", "/src/redis/modules/vector-sets/vset.c", "/src/redis/deps/jemalloc/src/prof_sys.c", "/src/redis/deps/jemalloc/test/include/test/SFMT-sse2.h", "/src/redis/deps/jemalloc/include/jemalloc/internal/fb.h", "/src/redis/src/crcspeed.c", "/src/redis/deps/lua/src/fpconv.c", "/src/redis/deps/jemalloc/test/unit/buf_writer.c", "/src/redis/deps/jemalloc/include/jemalloc/internal/atomic.h", "/src/redis/deps/jemalloc/include/jemalloc/internal/emitter.h", "/src/redis/tests/modules/keyspecs.c", "/src/redis/deps/jemalloc/include/jemalloc/internal/hook.h", "/src/redis/src/geohash_helper.c", "/src/redis/deps/lua/src/loslib.c", "/src/redis/deps/jemalloc/test/unit/emitter.c", "/src/redis/deps/jemalloc/include/jemalloc/internal/pages.h", "/src/redis/deps/jemalloc/test/unit/rb.c", "/src/redis/deps/jemalloc/test/integration/sdallocx.c", "/src/redis/src/ziplist.c", "/src/redis/deps/jemalloc/src/bin.c", "/src/redis/deps/jemalloc/test/unit/oversize_threshold.c", "/src/redis/deps/jemalloc/include/jemalloc/internal/util.h", "/src/redis/tests/modules/blockonbackground.c", "/src/redis/deps/jemalloc/src/counter.c", "/src/redis/src/crcspeed.h", "/src/redis/deps/jemalloc/include/jemalloc/internal/exp_grow.h", "/src/redis/deps/jemalloc/include/jemalloc/internal/jemalloc_internal_includes.h", "/src/redis/deps/jemalloc/include/jemalloc/internal/ehooks.h", "/src/redis/tests/modules/propagate.c", "/src/redis/src/zmalloc.c", "/src/redis/deps/lua/src/ldo.c", "/src/redis/src/bio.c", "/src/redis/deps/jemalloc/test/unit/double_free.h", "/src/redis/deps/jemalloc/test/unit/pack.c", "/src/redis/deps/jemalloc/include/jemalloc/internal/san.h", "/src/redis/src/lolwut.c", "/src/redis/src/connection.h", "/src/redis/tests/modules/hash.c", "/src/redis/deps/jemalloc/src/pa_extra.c", "/src/redis/deps/jemalloc/test/integration/thread_arena.c", "/src/redis/deps/jemalloc/include/jemalloc/internal/jemalloc_internal_externs.h", "/src/redis/deps/jemalloc/test/unit/sz.c", "/src/redis/deps/jemalloc/test/unit/bitmap.c", "/src/redis/deps/hiredis/adapters/macosx.h", "/src/redis/deps/jemalloc/src/base.c", "/src/redis/src/eventnotifier.h", "/src/redis/src/modules/hellodict.c", "/src/redis/src/listpack.h", "/src/redis/deps/lua/src/lopcodes.h", "/src/redis/tests/modules/timer.c", "/src/redis/src/bitops.c", "/src/redis/deps/jemalloc/test/src/sleep.c", "/src/redis/deps/jemalloc/include/jemalloc/internal/bitmap.h", "/src/redis/deps/jemalloc/test/unit/SFMT.c", "/src/redis/deps/jemalloc/test/unit/prof_hook.c", "/src/redis/deps/jemalloc/src/san_bump.c", "/src/redis/tests/modules/blockedclient.c", "/src/redis/src/zipmap.c", "/src/redis/tests/modules/postnotifications.c", "/src/redis/deps/jemalloc/test/analyze/sizes.c", "/src/redis/deps/jemalloc/src/rtree.c", "/src/redis/deps/jemalloc/src/extent_mmap.c", "/src/redis/src/endianconv.c", "/src/redis/src/kvstore.h", "/src/redis/tests/modules/moduleconfigstwo.c", "/src/redis/deps/jemalloc/test/unit/size_check.c", "/src/redis/src/config.c", "/src/redis/deps/jemalloc/include/jemalloc/internal/tsd.h", "/src/redis/deps/lua/src/luac.c", "/src/redis/deps/jemalloc/src/edata_cache.c", "/src/redis/src/notify.c", "/src/redis/src/syncio.c", "/src/redis/tests/modules/scan.c", "/src/redis/deps/hiredis/adapters/libuv.h", "/src/redis/src/sort.c", "/src/redis/deps/jemalloc/test/unit/decay.c", "/src/redis/deps/jemalloc/test/unit/hook.c", "/src/redis/deps/jemalloc/include/jemalloc/internal/tcache_structs.h", "/src/redis/src/redisassert.h", "/src/redis/deps/jemalloc/test/integration/posix_memalign.c", "/src/redis/src/t_hash.c", "/src/redis/deps/lua/src/lparser.h", "/src/redis/src/kvstore.c", "/src/redis/deps/jemalloc/test/unit/sc.c", "/src/redis/utils/corrupt_rdb.c", "/src/redis/deps/jemalloc/include/jemalloc/internal/prof_externs.h", "/src/redis/deps/lua/src/lopcodes.c", "/src/redis/src/redisassert.c", "/src/redis/deps/jemalloc/src/prof_data.c", "/src/redis/deps/hiredis/examples/example-ivykis.c", "/src/redis/deps/hiredis/test.c", "/src/redis/deps/lua/etc/all.c", "/src/redis/src/functions.c", "/src/redis/deps/jemalloc/src/pa.c", "/src/redis/deps/jemalloc/test/unit/arena_reset.c", "/src/redis/deps/jemalloc/test/integration/extent.c", "/src/redis/src/crc16.c", "/src/redis/deps/jemalloc/test/unit/prof_sys_thread_name.c", "/src/redis/deps/jemalloc/test/integration/rallocx.c", "/src/redis/deps/jemalloc/test/unit/batch_alloc.c", "/src/redis/src/rand.c", "/src/redis/deps/jemalloc/include/jemalloc/internal/spin.h", "/src/redis/deps/hiredis/net.c", "/src/redis/src/connhelpers.h", "/src/redis/deps/jemalloc/include/jemalloc/internal/bin_info.h", "/src/redis/deps/jemalloc/test/unit/seq.c", "/src/redis/src/redismodule.h", "/src/redis/deps/linenoise/linenoise.h", "/src/redis/deps/jemalloc/src/edata.c", "/src/redis/deps/jemalloc/test/stress/hookbench.c", "/src/redis/deps/jemalloc/test/include/test/SFMT-params216091.h", "/src/redis/deps/hiredis/sockcompat.c", "/src/redis/deps/lua/src/lvm.h", "/src/redis/deps/jemalloc/include/jemalloc/internal/tcache_externs.h", "/src/redis/src/cli_commands.h", "/src/redis/src/modules/helloacl.c", "/src/redis/tests/modules/defragtest.c", "/src/redis/deps/hiredis/adapters/ae.h", "/src/redis/deps/hiredis/adapters/ivykis.h", "/src/redis/deps/jemalloc/test/unit/prof_reset.c", "/src/redis/deps/jemalloc/include/jemalloc/internal/prof_log.h", "/src/redis/src/dict.c", "/src/redis/src/cluster_legacy.c", "/src/redis/deps/hiredis/examples/example-libuv.c", "/src/redis/deps/jemalloc/src/pai.c", "/src/redis/src/ebuckets.h", "/src/redis/deps/lua/src/lbaselib.c", "/src/redis/src/slowlog.c", "/src/redis/deps/jemalloc/include/jemalloc/internal/safety_check.h", "/src/redis/deps/jemalloc/include/jemalloc/internal/sz.h", "/src/redis/tests/modules/keyspace_events.c", "/src/redis/deps/jemalloc/test/unit/mtx.c", "/src/redis/deps/jemalloc/src/bin_info.c", "/src/redis/deps/jemalloc/src/decay.c", "/src/redis/tests/modules/basics.c", "/src/redis/deps/lua/src/lstrlib.c", "/src/redis/deps/jemalloc/include/jemalloc/internal/tsd_types.h", "/src/redis/deps/jemalloc/test/unit/qr.c", "/src/redis/deps/jemalloc/include/jemalloc/internal/tcache_inlines.h", "/src/redis/deps/lua/src/loadlib.c", "/src/redis/deps/jemalloc/src/safety_check.c", "/src/redis/deps/jemalloc/include/msvc_compat/strings.h", "/src/redis/src/endianconv.h", "/src/redis/deps/jemalloc/include/jemalloc/internal/rtree_tsd.h", "/src/redis/src/networking.c", "/src/redis/src/multi.c", "/src/redis/deps/fpconv/fpconv_dtoa.h", "/src/redis/deps/jemalloc/test/unit/rtree.c", "/src/redis/src/aof.c", "/src/redis/src/fmacros.h", "/src/redis/src/util.c", "/src/redis/deps/jemalloc/test/stress/large_microbench.c", "/src/redis/src/testhelp.h", "/src/redis/src/zmalloc.h", "/src/redis/deps/lua/src/fpconv.h", "/src/redis/deps/jemalloc/test/integration/thread_tcache_enabled.c", "/src/redis/src/pqsort.c", "/src/redis/deps/jemalloc/include/jemalloc/internal/san_bump.h", "/src/redis/src/geo.h", "/src/redis/tests/modules/publish.c", "/src/redis/deps/jemalloc/test/stress/microbench.c", "/src/redis/src/quicklist.c", "/src/redis/deps/jemalloc/include/jemalloc/internal/prof_data.h", "/src/redis/deps/jemalloc/test/src/timer.c", "/src/redis/deps/hiredis/hiredis.h", "/src/redis/deps/jemalloc/test/src/btalloc_1.c", "/src/redis/src/rax.h", "/src/redis/src/rax_malloc.h", "/src/redis/deps/jemalloc/include/jemalloc/internal/seq.h", "/src/redis/deps/jemalloc/src/extent_dss.c", "/src/redis/src/rio.h", "/src/redis/deps/hiredis/adapters/libev.h", "/src/redis/deps/jemalloc/test/src/thd.c", "/src/redis/deps/jemalloc/include/jemalloc/internal/prof_recent.h", "/src/redis/src/blocked.c", "/src/redis/src/sds.c", "/src/redis/deps/jemalloc/include/jemalloc/internal/eset.h", "/src/redis/deps/jemalloc/src/eset.c", "/src/redis/deps/jemalloc/include/jemalloc/internal/cache_bin.h", "/src/redis/src/asciilogo.h", "/src/redis/deps/jemalloc/test/unit/malloc_conf_2.c", "/src/redis/deps/jemalloc/test/unit/batch_alloc_prof.c", "/src/redis/tests/modules/mallocsize.c", "/src/redis/deps/jemalloc/test/integration/cpp/basic.cpp", "/src/redis/src/rax.c", "/src/redis/src/modules/hellohook.c", "/src/redis/src/slowlog.h", "/src/redis/deps/jemalloc/test/include/test/SFMT-params86243.h", "/src/redis/deps/hiredis/ssl.c", "/src/redis/deps/jemalloc/include/jemalloc/internal/quantum.h", "/src/redis/deps/jemalloc/test/include/test/bench.h", "/src/redis/deps/lua/src/lcode.c", "/src/redis/deps/jemalloc/include/jemalloc/internal/base.h", "/src/redis/deps/jemalloc/include/jemalloc/internal/bin_types.h", "/src/redis/src/sha1.h", "/src/redis/src/tls.c", "/src/redis/tests/modules/getkeys.c", "/src/redis/deps/hiredis/async.h", "/src/redis/deps/jemalloc/include/jemalloc/internal/ph.h", "/src/redis/deps/jemalloc/include/jemalloc/internal/background_thread_inlines.h", "/src/redis/deps/hiredis/dict.c", "/src/redis/deps/jemalloc/src/prof_stats.c", "/src/redis/deps/hiredis/fuzzing/format_command_fuzzer.c", "/src/redis/deps/jemalloc/test/unit/counter.c", "/src/redis/deps/jemalloc/test/unit/pa.c", "/src/redis/src/connection.c", "/src/redis/deps/jemalloc/include/jemalloc/internal/log.h", "/src/redis/deps/jemalloc/src/sz.c", "/src/redis/deps/lua/src/lmem.h", "/src/redis/deps/jemalloc/test/unit/safety_check.c", "/src/redis/deps/jemalloc/include/jemalloc/internal/extent.h", "/src/redis/deps/hiredis/async.c", "/src/redis/deps/hiredis/win32.h", "/src/redis/src/geohash.c", "/src/redis/deps/jemalloc/src/ctl.c", "/src/redis/deps/jemalloc/test/unit/zero_reallocs.c", "/src/redis/deps/jemalloc/test/unit/hpdata.c", "/src/redis/src/modules/hellotimer.c", "/src/redis/deps/lua/src/lualib.h", "/src/redis/deps/lua/src/llex.h", "/src/redis/deps/linenoise/example.c", "/src/redis/src/siphash.c", "/src/redis/src/adlist.c", "/src/redis/src/call_reply.c", "/src/redis/deps/jemalloc/test/unit/binshard.c", "/src/redis/deps/jemalloc/test/unit/san.c", "/src/redis/deps/jemalloc/test/unit/prof_active.c", "/src/redis/deps/jemalloc/include/jemalloc/internal/edata_cache.h", "/src/redis/src/socket.c", "/src/redis/deps/jemalloc/test/unit/prof_log.c", "/src/redis/src/db.c", "/src/redis/src/util.h", "/src/redis/src/iothread.c", "/src/redis/deps/jemalloc/msvc/test_threads/test_threads_main.cpp", "/src/redis/deps/jemalloc/test/unit/prof_idump.c", "/src/redis/deps/jemalloc/test/include/test/math.h", "/src/redis/deps/jemalloc/test/include/test/arena_util.h", "/src/redis/deps/jemalloc/include/jemalloc/internal/background_thread_externs.h", "/src/redis/src/script.h", "/src/redis/deps/jemalloc/include/jemalloc/internal/jemalloc_internal_inlines_c.h", "/src/redis/deps/lua/src/llex.c", "/src/redis/deps/hiredis/examples/example-redismoduleapi.c", "/src/redis/deps/jemalloc/test/unit/hash.c", "/src/redis/deps/hiredis/read.c", "/src/redis/deps/jemalloc/test/unit/spin.c", "/src/redis/src/setcpuaffinity.c", "/src/redis/deps/jemalloc/test/unit/retained.c", "/src/redis/deps/jemalloc/test/unit/junk.c", "/src/redis/deps/jemalloc/test/integration/cpp/infallible_new_false.cpp", "/src/redis/deps/lua/src/lua.c", "/src/redis/deps/hiredis/async_private.h", "/src/redis/src/geohash.h", "/src/redis/src/latency.c", "/src/redis/deps/hiredis/adapters/libevent.h", "/src/redis/deps/jemalloc/test/analyze/rand.c", "/src/redis/src/listpack.c", "/src/redis/deps/jemalloc/include/jemalloc/internal/atomic_msvc.h", "/src/redis/deps/lua/src/lmem.c", "/src/redis/tests/modules/misc.c", "/src/redis/deps/hiredis/sds.h", "/src/redis/deps/jemalloc/include/jemalloc/internal/tsd_generic.h", "/src/redis/deps/jemalloc/include/jemalloc/internal/prng.h", "/src/redis/deps/lua/src/lstring.h", "/src/redis/deps/lua/etc/lua.hpp", "/src/redis/src/sds.h", "/src/redis/src/sparkline.h", "/src/redis/src/replication.c", "/src/redis/deps/hiredis/examples/example-libevent-ssl.c", "/src/redis/src/object.c", "/src/redis/deps/jemalloc/test/include/test/mtx.h", "/src/redis/deps/jemalloc/test/unit/witness.c", "/src/redis/src/script_lua.h", "/src/redis/deps/jemalloc/include/jemalloc/internal/counter.h", "/src/redis/deps/jemalloc/include/jemalloc/internal/tsd_win.h", "/src/redis/tests/modules/test_lazyfree.c", "/src/redis/src/strl.c", "/src/redis/src/ae_epoll.c", "/src/redis/deps/lua/src/lua.h", "/src/redis/modules/vector-sets/hnsw.c", "/src/redis/deps/hiredis/adapters/libsdevent.h", "/src/redis/deps/hiredis/examples/example-push.c", "/src/redis/deps/jemalloc/test/unit/atomic.c", "/src/redis/deps/jemalloc/src/hook.c", "/src/redis/deps/jemalloc/src/stats.c", "/src/redis/deps/linenoise/linenoise.c", "/src/redis/src/rdb.c", "/src/redis/deps/jemalloc/include/jemalloc/internal/extent_mmap.h", "/src/redis/deps/jemalloc/test/unit/ticker.c", "/src/redis/src/timeout.c", "/src/redis/tests/modules/moduleauthtwo.c", "/src/redis/deps/jemalloc/src/tcache.c", "/src/redis/tests/modules/getchannels.c", "/src/redis/deps/jemalloc/test/src/btalloc.c", "/src/redis/src/sparkline.c", "/src/redis/deps/jemalloc/test/stress/batch_alloc.c", "/src/redis/deps/jemalloc/test/include/test/bgthd.h", "/src/redis/tests/modules/zset.c", "/src/redis/deps/lua/src/lparser.c", "/src/redis/deps/jemalloc/test/unit/arena_decay.c", "/src/redis/deps/jemalloc/test/include/test/SFMT.h", "/src/redis/src/lzf_c.c", "/src/redis/deps/jemalloc/test/include/test/SFMT-params132049.h", "/src/redis/deps/jemalloc/test/unit/hpa.c"], "all-pairs": []}, "recent_results": {}}]