[{"project_name":"redis","date":"","language":"c++","coverage-data":{"coverage_url":"https://storage.googleapis.com/oss-fuzz-coverage/redis/reports//linux/report.html","line_coverage":{"count":126999,"covered":3489,"percent":2.75}},"introspector-data":{"introspector_report_url":"introspector_url","coverage_lines":0.0,"static_reachability":0.08737948912125361,"fuzzer_count":1,"function_count":5431,"functions_covered_estimate":0.0,"annotated_cfg":[{"fuzzer_name":"fuzz_test.c","source_file":"/src/fuzz_test.c","destinations":[{"function_name":"string2ull","raw_function_name":"string2ull","source_file":"/src/redis/src/util.c","cyclomatic_complexity":8,"accummulated_cyclomatic_complexity":36,"return_type":"int","arg_types":["N/A","N/A"],"arg_names":["s","value"]}]}],"project_name":"redis"},"fuzzer-count":1,"project_repository":"N/A","recent_results":{}}]